我不是药神,肖申克的救赎,海上钢琴师,绿皮书,霸王别姬,美丽人生,这个杀手不太冷,星际穿越,泰坦尼克号,盗梦空间
怦然心动,小偷家族,阿甘正传,楚门的世界,千与千寻,寻梦环游记,情书,触不可及,哪吒之魔童降世,辛德勒的名单
少年派的奇幻漂流,何以为家,放牛班的春天,摔跤吧！爸爸,忠犬八公的故事,死亡诗社,小丑,当幸福来敲门,三傻大闹宝莱坞,活着
看不见的客人,你的名字。,教父,熔炉,天堂电影院,疯狂动物城,龙猫,头号玩家,一一,闻香识女人
被嫌弃的松子的一生,末代皇帝,控方证人,超脱,心灵奇旅,海蒂和爷爷,机器人总动员,西西里的美丽传说,海边的曼彻斯特,本杰明·巴顿奇事
三块广告牌,布达佩斯大饭店,让子弹飞,哪吒之魔童闹海,乱世佳人,美国往事,爱在黎明破晓前,美丽心灵,搏击俱乐部,消失的爱人
低俗小说,阿凡达,飞屋环游记,无间道,蝴蝶效应,窃听风暴,时空恋旅人,哈尔的移动城堡,花束般的恋爱,飞越疯人院
大话西游之大圣娶亲,天空之城,爱在日落黄昏时,心灵捕手,天使爱美丽,七宗罪,复仇者联盟4：终局之战,猫鼠游戏,重庆森林,春光乍泄
罗马假日,穿条纹睡衣的男孩,釜山行,菊次郎的夏天,好东西,钢琴家,辩护人,饮食男女,剪刀手爱德华,十二怒汉
入殓师,蝙蝠侠：黑暗骑士,素媛,傲慢与偏见,两杆大烟枪,奥本海默,大鱼,禁闭岛,致命魔术,真爱至上
